Model,RMSE,MAE,MAPE_%,RMSLE,R2
CatBoost,0.458152,,,,0.704823
XGBoost Baseline,0.4585129711189048,0.34718298386894386,38.11485885825358,0.4585129707210797,0.704357233698673
PSO-XGBoost,0.45825895408278683,0.34743801526885504,38.138306769618644,0.45825895396066846,0.704684716241921
